num_qubits,model_family,noise_model_name,train_size,noise_strength,seeds_present,test_accuracy_mean,test_accuracy_std,test_loss_mean,test_loss_std,history_best_accuracy_mean,history_best_accuracy_std,history_best_loss_mean,history_best_loss_std
5,hea_qcnn,coherent_overrotation,4,0.0,3,0.53,0.0,0.336796740125332,0.0054144577035935,1.0,0.0,0.0211086184611942,0.0024512325395373
5,hea_qcnn,coherent_overrotation,4,0.001,3,0.53,0.0,0.3368076082732296,0.0053874284219889,1.0,0.0,0.0211151669753568,0.0024616378643273
5,hea_qcnn,coherent_overrotation,4,0.005,3,0.53,0.0,0.3368919592404104,0.0053537302687444,1.0,0.0,0.0211250863341641,0.0025334843718922
5,hea_qcnn,coherent_overrotation,4,0.01,3,0.53,0.0,0.3370614372837706,0.005441338159334,1.0,0.0,0.0211126934060442,0.0026706132169834
5,hea_qcnn,coherent_overrotation,4,0.05,3,0.53,0.0,0.3369745175343446,0.0069456769670762,1.0,0.0,0.0211569322530397,0.0034561592499807
5,hea_qcnn,coherent_overrotation,4,0.1,3,0.53,0.0,0.3366700461019183,0.0079165149671139,1.0,0.0,0.022048108808464,0.0044353805412587
5,hea_qcnn,coherent_overrotation,8,0.0,3,0.69,0.0,0.2265177988034004,0.0179540887261256,0.875,0.0,0.1428545291100461,0.0052456381201595
5,hea_qcnn,coherent_overrotation,8,0.001,3,0.69,0.0,0.2265158854423259,0.0179350483088407,0.875,0.0,0.1430757518091084,0.0052080031417463
5,hea_qcnn,coherent_overrotation,8,0.005,3,0.69,0.0,0.2263633013789942,0.0178020218613841,0.875,0.0,0.1437556768482518,0.0049592380937737
5,hea_qcnn,coherent_overrotation,8,0.01,3,0.69,0.0,0.2255434525190225,0.0184040527179472,0.875,0.0,0.1436982269370786,0.0050172356557871
5,hea_qcnn,coherent_overrotation,8,0.05,3,0.69,0.0,0.2155574954199394,0.0220707626360313,0.875,0.0,0.1417877797764609,0.0049510999354392
5,hea_qcnn,coherent_overrotation,8,0.1,3,0.69,0.0,0.2107536995235549,0.0226184541884183,0.875,0.0,0.1419947433466025,0.0080123060463377
5,hea_qcnn,coherent_overrotation,12,0.0,3,0.9666666666666668,0.0416333199893226,0.1227338642996979,0.0298875668143024,0.9444444444444444,0.0962250448649375,0.1163698081562366,0.0307679143588817
5,hea_qcnn,coherent_overrotation,12,0.001,3,0.9666666666666668,0.0416333199893226,0.1226808078001131,0.0298588092890982,0.9444444444444444,0.0962250448649375,0.1163294716891466,0.030739599527542
5,hea_qcnn,coherent_overrotation,12,0.005,3,0.9666666666666668,0.0416333199893226,0.1225150142713027,0.0296831741589343,0.9444444444444444,0.0962250448649375,0.1161783594256209,0.0305911621929028
5,hea_qcnn,coherent_overrotation,12,0.01,3,0.9666666666666668,0.0416333199893226,0.1222792033879913,0.0294324146119327,0.9444444444444444,0.0962250448649375,0.1159549021759841,0.0303660322815402
5,hea_qcnn,coherent_overrotation,12,0.05,3,0.9666666666666668,0.0416333199893226,0.120478587612595,0.0273641377595151,0.9444444444444444,0.0962250448649375,0.1141248741133557,0.0283522159197106
5,hea_qcnn,coherent_overrotation,12,0.1,3,0.97,0.0360555127546398,0.11836284859717,0.0256117170242787,0.9444444444444444,0.0962250448649375,0.1121052206972477,0.0263888368544505
5,hea_qcnn,coherent_overrotation,16,0.0,3,0.97,0.0346410161513775,0.1243081695228372,0.0382409181084226,0.9791666666666666,0.0360843918243516,0.1176040889453563,0.0342145741087249
5,hea_qcnn,coherent_overrotation,16,0.001,3,0.97,0.0346410161513775,0.1242915335102903,0.0381202757724908,0.9791666666666666,0.0360843918243516,0.1176064193758122,0.0341258727679564
5,hea_qcnn,coherent_overrotation,16,0.005,3,0.97,0.0346410161513775,0.1240934812962987,0.0376901659506966,0.9791666666666666,0.0360843918243516,0.1174814135729275,0.0338150256642609
5,hea_qcnn,coherent_overrotation,16,0.01,3,0.9666666666666668,0.0321455025366431,0.1236874883796992,0.0372251398632296,0.9791666666666666,0.0360843918243516,0.1171498211661029,0.0334884854143782
5,hea_qcnn,coherent_overrotation,16,0.05,3,0.93,0.06557438524302,0.1561992000179513,0.0544172071473325,0.9375,0.0625,0.1406666970385927,0.0406206903830282
5,hea_qcnn,coherent_overrotation,16,0.1,3,0.98,0.02,0.1231246591973622,0.0307163485138468,1.0,0.0,0.1172411923631474,0.0293542910656618
5,hea_qcnn,depolarizing,4,0.0,3,0.6433333333333334,0.0115470053837925,0.2937250156329489,0.004901092638504,1.0,0.0,0.0555810300195814,0.0005558855333261
5,hea_qcnn,depolarizing,4,0.001,3,0.6433333333333334,0.0115470053837925,0.2934166055171239,0.0047466000659305,1.0,0.0,0.0563969497016076,0.0005703893883338
5,hea_qcnn,depolarizing,4,0.005,3,0.64,0.01,0.292292310363125,0.0040932583032988,1.0,0.0,0.0598945345404562,0.0006290499877113
5,hea_qcnn,depolarizing,4,0.01,3,0.6366666666666667,0.0057735026918962,0.2911134042202283,0.0032842622168268,1.0,0.0,0.0647516013455952,0.0007061630266992
5,hea_qcnn,depolarizing,4,0.05,3,0.62,0.01,0.2871992332194539,0.0022479613165697,1.0,0.0,0.1142454000340144,0.000543503563225
5,hea_qcnn,depolarizing,4,0.1,3,0.5833333333333334,0.0251661147842358,0.2921183590015734,0.0033392669121952,1.0,0.0,0.1773884971864955,0.0003524997668787
5,hea_qcnn,depolarizing,8,0.0,3,0.7799999999999999,0.1734935157289747,0.2022211231472671,0.0427699423954794,0.7916666666666666,0.1909406539564933,0.1980929533876725,0.0426272949614957
5,hea_qcnn,depolarizing,8,0.001,3,0.7799999999999999,0.1734935157289747,0.2034598224144091,0.0425411340641383,0.7916666666666666,0.1909406539564933,0.1993720006137374,0.0425273344787124
5,hea_qcnn,depolarizing,8,0.005,3,0.7799999999999999,0.1734935157289747,0.209974618087378,0.0419225349102357,0.7916666666666666,0.1909406539564933,0.2060444283552343,0.0425600167807902
5,hea_qcnn,depolarizing,8,0.01,3,0.7733333333333333,0.1789785834487839,0.2161952647827779,0.0418363294964587,0.7916666666666666,0.1909406539564933,0.2124288205911438,0.0428764055788813
5,hea_qcnn,depolarizing,8,0.05,3,0.7666666666666666,0.1877054430040144,0.2420933996227211,0.034515168790997,0.7916666666666666,0.1909406539564933,0.2402459204360582,0.0355446808081433
5,hea_qcnn,depolarizing,8,0.1,3,0.6999999999999998,0.2762245463386626,0.2659438798374168,0.0250809384703381,0.7083333333333334,0.3145764348029479,0.2637310438805099,0.0254949609840513
5,hea_qcnn,depolarizing,12,0.0,3,0.7399999999999999,0.0,0.209300774997475,0.0801677960627756,0.9166666666666666,0.0,0.107348600851154,0.0247412418899422
5,hea_qcnn,depolarizing,12,0.001,3,0.7399999999999999,0.0,0.2119001106308915,0.0777132509133562,0.9166666666666666,0.0,0.1087450002578823,0.0234264032588768
5,hea_qcnn,depolarizing,12,0.005,3,0.7399999999999999,0.0,0.2023230683895125,0.0543625298695282,0.9166666666666666,0.0,0.1095605865444627,0.0182443096131406
5,hea_qcnn,depolarizing,12,0.01,3,0.7399999999999999,0.0,0.210165856682208,0.0545015608213793,0.9166666666666666,0.0,0.1130450981859944,0.0179360445029635
5,hea_qcnn,depolarizing,12,0.05,3,0.7399999999999999,0.0,0.2688929620040625,0.0164148177621704,0.9166666666666666,0.0,0.1570897174964394,0.0036144612226794
5,hea_qcnn,depolarizing,12,0.1,3,0.7399999999999999,0.0,0.2891410266390157,0.0004334978537661,0.9166666666666666,0.0,0.2032999918664415,0.0007114363730676
5,hea_qcnn,depolarizing,16,0.0,3,0.6933333333333334,0.1527525231651946,0.1793467432762884,0.0520273362731569,0.8541666666666666,0.1301041249666333,0.1281172237349499,0.0417215611950151
5,hea_qcnn,depolarizing,16,0.001,3,0.6933333333333334,0.1527525231651946,0.1795372110495148,0.0522655075929016,0.8541666666666666,0.1301041249666333,0.1288664991423897,0.0413175770204965
5,hea_qcnn,depolarizing,16,0.005,3,0.7033333333333335,0.1625833119767626,0.1799762441410022,0.0534220228254077,0.8541666666666666,0.1301041249666333,0.1318092849197224,0.0396541730641537
5,hea_qcnn,depolarizing,16,0.01,3,0.6666666666666666,0.1050396750439248,0.192848630525932,0.0376025854558906,0.8541666666666666,0.1301041249666333,0.1439434661689899,0.02336668382341
5,hea_qcnn,depolarizing,16,0.05,3,0.6066666666666666,0.0208166599946613,0.2190181878264558,0.0035835360038325,0.8125,0.0,0.1838501542405685,0.0033713710122734
5,hea_qcnn,depolarizing,16,0.1,3,0.59,0.0360555127546398,0.2519869697018963,0.0026537721172181,0.7916666666666666,0.0360843918243516,0.2343606340214003,0.0033079324893811
5,su2_qcnn,coherent_overrotation,4,0.0,3,0.9566666666666668,0.0115470053837925,0.2150791648060004,0.0319621643038759,1.0,0.0,0.211634415235693,0.0317966580498218
5,su2_qcnn,coherent_overrotation,4,0.001,3,0.9566666666666668,0.0115470053837925,0.2150785621125182,0.031997853291185,1.0,0.0,0.2116282256013558,0.031829327362007
5,su2_qcnn,coherent_overrotation,4,0.005,3,0.9566666666666668,0.0115470053837925,0.2150742016931118,0.0321381517044761,1.0,0.0,0.2116015585353416,0.0319576313402188
5,su2_qcnn,coherent_overrotation,4,0.01,3,0.9566666666666668,0.0115470053837925,0.2150641496853339,0.0323076136166529,1.0,0.0,0.2115637210253295,0.0321123173550071
5,su2_qcnn,coherent_overrotation,4,0.05,3,0.96,0.0173205080756887,0.2147781836015286,0.0333822640183852,1.0,0.0,0.211059659112392,0.0330811943554593
5,su2_qcnn,coherent_overrotation,4,0.1,3,0.9666666666666668,0.0115470053837925,0.2139618017963972,0.0340416277941529,1.0,0.0,0.2099783122423204,0.0336469294121223
5,su2_qcnn,coherent_overrotation,8,0.0,3,0.99,0.0,0.1494275057235129,0.0034517819598448,1.0,0.0,0.1468245750788366,0.0036791809493628
5,su2_qcnn,coherent_overrotation,8,0.001,3,0.99,0.0,0.149421314056114,0.003448994523445,1.0,0.0,0.1468180441692533,0.0036754930274534
5,su2_qcnn,coherent_overrotation,8,0.005,3,0.99,0.0,0.1493974373177998,0.0034378888691007,1.0,0.0,0.1467928722745146,0.0036607538948791
5,su2_qcnn,coherent_overrotation,8,0.01,3,0.99,0.0,0.1493696379422912,0.0034240448960626,1.0,0.0,0.1467635971630344,0.0036423044395485
5,su2_qcnn,coherent_overrotation,8,0.05,3,0.99,0.0,0.1492364509985362,0.0033024187241388,1.0,0.0,0.1466250739332797,0.0034825086814167
5,su2_qcnn,coherent_overrotation,8,0.1,3,0.99,0.0,0.1493183438620573,0.0030570249084732,1.0,0.0,0.146719606415303,0.003189368148568
5,su2_qcnn,coherent_overrotation,12,0.0,3,1.0,0.0,0.1260050220638169,0.0043454912337407,1.0,0.0,0.1234024495334306,0.0046857174339654
5,su2_qcnn,coherent_overrotation,12,0.001,3,1.0,0.0,0.1260095195530466,0.0043399011294999,1.0,0.0,0.1234075978122536,0.0046793631969509
5,su2_qcnn,coherent_overrotation,12,0.005,3,1.0,0.0,0.1260282266182996,0.0043185938476202,1.0,0.0,0.123428965191262,0.0046551205731273
5,su2_qcnn,coherent_overrotation,12,0.01,3,1.0,0.0,0.1260533809686075,0.0042945255686289,1.0,0.0,0.123457575799205,0.0046276585272458
5,su2_qcnn,coherent_overrotation,12,0.05,3,1.0,0.0,0.1263593380964782,0.0042523205148387,1.0,0.0,0.1237969800951118,0.004570199651167
5,su2_qcnn,coherent_overrotation,12,0.1,3,1.0,0.0,0.1262398805389393,0.0052540084673443,1.0,0.0,0.1236372732267808,0.0056378993230424
5,su2_qcnn,coherent_overrotation,16,0.0,3,1.0,0.0,0.1194273294429217,0.0011796200170597,1.0,0.0,0.1174744172131941,0.0011664415889974
5,su2_qcnn,coherent_overrotation,16,0.001,3,1.0,0.0,0.1194442605587084,0.0011767024541895,1.0,0.0,0.117492553509041,0.0011634341352949
5,su2_qcnn,coherent_overrotation,16,0.005,3,1.0,0.0,0.1195124488707464,0.0011648406640795,1.0,0.0,0.1175655900471427,0.0011512164310964
5,su2_qcnn,coherent_overrotation,16,0.01,3,1.0,0.0,0.1195987327839226,0.0011496046579163,1.0,0.0,0.1176579971687809,0.0011355469510874
5,su2_qcnn,coherent_overrotation,16,0.05,3,1.0,0.0,0.1203325853396258,0.001016449996621,1.0,0.0,0.1184436067238198,0.0010000550502133
5,su2_qcnn,coherent_overrotation,16,0.1,3,1.0,0.0,0.1213722419012712,0.0008513370375538,1.0,0.0,0.1195565690044114,0.0008382736775073
5,su2_qcnn,depolarizing,4,0.0,3,0.9566666666666668,0.0115470053837925,0.2150791648059817,0.0319621643038454,1.0,0.0,0.2116344152356731,0.0317966580497937
5,su2_qcnn,depolarizing,4,0.001,3,0.9566666666666668,0.0115470053837925,0.2157845332406236,0.0321309337181533,1.0,0.0,0.2123866737989394,0.0319621245875608
5,su2_qcnn,depolarizing,4,0.005,3,0.9566666666666668,0.0115470053837925,0.2186104306291852,0.0327051036109949,1.0,0.0,0.2153941918316737,0.0325246193920531
5,su2_qcnn,depolarizing,4,0.01,3,0.9566666666666668,0.0115470053837925,0.2221459890595153,0.0332027855617211,1.0,0.0,0.2191440473112369,0.0330107857635914
5,su2_qcnn,depolarizing,4,0.05,3,0.96,0.0173205080756887,0.2491209998326358,0.0306455873195671,1.0,0.0,0.247420626162649,0.0304370407654822
5,su2_qcnn,depolarizing,4,0.1,3,0.96,0.0173205080756887,0.275457215064681,0.0208756869401243,1.0,0.0,0.2746594334384343,0.0207289407037077
5,su2_qcnn,depolarizing,8,0.0,3,0.99,0.0,0.1494275057235113,0.0034517819598524,1.0,0.0,0.1468245750788352,0.0036791809493709
5,su2_qcnn,depolarizing,8,0.001,3,0.99,0.0,0.1495505685566275,0.003323109529005,1.0,0.0,0.1469778201638577,0.0035433561320623
5,su2_qcnn,depolarizing,8,0.005,3,0.99,0.0,0.150199003372709,0.0028652990292193,1.0,0.0,0.1477416572233495,0.0030560364831862
5,su2_qcnn,depolarizing,8,0.01,3,0.99,0.0,0.1513928770804042,0.0024286181356652,1.0,0.0,0.1490700111398343,0.0025812229877744
5,su2_qcnn,depolarizing,8,0.05,3,0.9866666666666668,0.0057735026918962,0.1798085140533645,0.0015389651770104,1.0,0.0,0.1784615643785407,0.0015296043982352
5,su2_qcnn,depolarizing,8,0.1,3,0.98,0.0,0.2319969348702635,0.0016705578311822,1.0,0.0,0.2314361228976166,0.0016491060652555
5,su2_qcnn,depolarizing,12,0.0,3,1.0,0.0,0.126005022063809,0.004345491233736,1.0,0.0,0.1234024495334222,0.0046857174339598
5,su2_qcnn,depolarizing,12,0.001,3,1.0,0.0,0.1261885121167943,0.0042250378523982,1.0,0.0,0.1236035905065364,0.0045615671910408
5,su2_qcnn,depolarizing,12,0.005,3,1.0,0.0,0.1271285342112099,0.0038153433243198,1.0,0.0,0.1246267888738485,0.0041298843248721
5,su2_qcnn,depolarizing,12,0.01,3,1.0,0.0,0.1288429987744036,0.0033742716312819,1.0,0.0,0.1264719260929584,0.0036478333832881
5,su2_qcnn,depolarizing,12,0.05,3,0.9966666666666668,0.0057735026918962,0.1606465383160532,0.0018923288891492,1.0,0.0,0.1594656129378074,0.0018947459442012
5,su2_qcnn,depolarizing,12,0.1,3,0.84,0.2598076211353315,0.2455989790176081,0.0456712388047453,0.8611111111111112,0.240562612162344,0.2453578869556836,0.0458960542361239
5,su2_qcnn,depolarizing,16,0.0,3,1.0,0.0,0.1194273294429211,0.0011796200170626,1.0,0.0,0.1174744172131935,0.0011664415890005
5,su2_qcnn,depolarizing,16,0.001,3,1.0,0.0,0.1197505905097021,0.0011890500506658,1.0,0.0,0.1178189648931434,0.0011783368745997
5,su2_qcnn,depolarizing,16,0.005,3,1.0,0.0,0.1209908719223166,0.0007551871914298,1.0,0.0,0.1191465200922939,0.0007543089066428
5,su2_qcnn,depolarizing,16,0.01,3,1.0,0.0,0.1230549966976813,0.0002661051787471,1.0,0.0,0.1213091881792193,0.0002402083114017
5,su2_qcnn,depolarizing,16,0.05,3,1.0,0.0,0.156320371066182,0.0003723999936528,1.0,0.0,0.155645500519223,0.0004184501313655
5,su2_qcnn,depolarizing,16,0.1,3,1.0,0.0,0.2143935525161795,0.0003616367792832,1.0,0.0,0.2141765046042583,0.0003732502093652
7,hea_qcnn,coherent_overrotation,4,0.0,3,0.7733333333333333,0.0404145188432737,0.2259837536219696,0.0310581367132775,1.0,0.0,0.2037304223778932,0.0399352514472146
7,hea_qcnn,coherent_overrotation,4,0.001,3,0.7866666666666666,0.0351188458428424,0.211213699415374,0.0080096209659611,1.0,0.0,0.1811787733172054,0.0055383423707672
7,hea_qcnn,coherent_overrotation,4,0.005,3,0.7866666666666666,0.0351188458428424,0.2112114671642176,0.008249263655537,1.0,0.0,0.1802684240793127,0.0055329549095229
7,hea_qcnn,coherent_overrotation,4,0.01,3,0.79,0.0399999999999999,0.2110837548494011,0.0084194701237151,1.0,0.0,0.1799401405763865,0.0055475896784269
7,hea_qcnn,coherent_overrotation,4,0.05,3,0.75,0.1252996408614166,0.2255111347857815,0.0335395676635445,0.9166666666666666,0.1443375672974064,0.1944328370338912,0.025027943053313
7,hea_qcnn,coherent_overrotation,4,0.1,3,0.7466666666666667,0.0808290376865475,0.2218739536630243,0.0255427447513202,0.8333333333333334,0.1443375672974064,0.1909420737195648,0.0178594476709127
7,hea_qcnn,coherent_overrotation,8,0.0,3,0.86,0.1212435565298214,0.1804135032483607,0.0356569251611555,0.9583333333333334,0.0721687836487032,0.1397809773706641,0.0222843536711068
7,hea_qcnn,coherent_overrotation,8,0.001,3,0.8566666666666666,0.1167618659209132,0.1804288143992329,0.0357200199741533,0.9583333333333334,0.0721687836487032,0.1398091091573196,0.022353645899718
7,hea_qcnn,coherent_overrotation,8,0.005,3,0.8533333333333334,0.1123981020005824,0.1804404235014862,0.0359729038319195,0.9583333333333334,0.0721687836487032,0.1398858374147041,0.0225759640620372
7,hea_qcnn,coherent_overrotation,8,0.01,3,0.86,0.1212435565298214,0.1771626510419504,0.0368872520861477,0.9583333333333334,0.0721687836487032,0.1373694322946278,0.0203823381512885
7,hea_qcnn,coherent_overrotation,8,0.05,3,0.8300000000000001,0.0871779788708134,0.1793636332232535,0.0386991643653398,0.9583333333333334,0.0721687836487032,0.1393728376843513,0.0230748021698296
7,hea_qcnn,coherent_overrotation,8,0.1,3,0.84,0.1014889156509222,0.1766930647250904,0.0455354424251362,0.9166666666666666,0.0721687836487032,0.1383838933896082,0.0290829020982859
7,hea_qcnn,coherent_overrotation,12,0.0,3,0.7166666666666667,0.1665332799572906,0.2010669583541472,0.0307960450644692,0.8611111111111112,0.0481125224324687,0.1546197840777414,0.00925016433127
7,hea_qcnn,coherent_overrotation,12,0.001,3,0.7166666666666667,0.1665332799572906,0.2009531767220968,0.0308844051971202,0.8611111111111112,0.0481125224324687,0.1545526063261288,0.0092971905897981
7,hea_qcnn,coherent_overrotation,12,0.005,3,0.7833333333333333,0.227449628123093,0.17217451175697,0.0644027618875768,0.9166666666666666,0.0833333333333333,0.135078807510576,0.0351071501593948
7,hea_qcnn,coherent_overrotation,12,0.01,3,0.7833333333333333,0.227449628123093,0.1715980307764806,0.0650411906870083,0.9166666666666666,0.0833333333333333,0.1344330294403265,0.0357606311245092
7,hea_qcnn,coherent_overrotation,12,0.05,3,0.71,0.1493318452306807,0.1986684820381693,0.0320832283041609,0.861111111111111,0.0962250448649376,0.1496273771506138,0.0116779114802375
7,hea_qcnn,coherent_overrotation,12,0.1,3,0.7233333333333333,0.1650252505931541,0.1953817312188654,0.0347174542183761,0.8333333333333334,0.0833333333333332,0.1480398999829706,0.0151198189322244
7,hea_qcnn,coherent_overrotation,16,0.0,3,0.93,0.0360555127546398,0.1461181840163833,0.0498106275072011,1.0,0.0,0.1345981088373517,0.0478052485970833
7,hea_qcnn,coherent_overrotation,16,0.001,3,0.93,0.0360555127546398,0.146028354831699,0.0497519809633908,1.0,0.0,0.1345068379437075,0.0477515793783164
7,hea_qcnn,coherent_overrotation,16,0.005,3,0.9266666666666667,0.0351188458428424,0.1456347719137315,0.049481853104802,1.0,0.0,0.1341170876873944,0.0475171678713682
7,hea_qcnn,coherent_overrotation,16,0.01,3,0.9266666666666667,0.0305505046330389,0.1450389476355984,0.0490448503302087,1.0,0.0,0.133538644104612,0.0471500355514302
7,hea_qcnn,coherent_overrotation,16,0.05,3,0.9133333333333334,0.0416333199893226,0.1423632189280882,0.0486703761881009,0.9583333333333334,0.0721687836487032,0.132553269402898,0.049400801444958
7,hea_qcnn,coherent_overrotation,16,0.1,3,0.9466666666666668,0.0251661147842357,0.1279940415736927,0.0347796314466997,0.9791666666666666,0.0360843918243515,0.11897910216513,0.0353454811434797
7,hea_qcnn,depolarizing,4,0.0,3,0.7733333333333333,0.0404145188432737,0.2259837536219696,0.0310581367132775,1.0,0.0,0.2037304223778932,0.0399352514472146
7,hea_qcnn,depolarizing,4,0.001,3,0.77,0.0346410161513775,0.2270907254573096,0.0306864501528022,1.0,0.0,0.2051049375595977,0.0395731870219135
7,hea_qcnn,depolarizing,4,0.005,3,0.7633333333333333,0.0152752523165194,0.2314075419836296,0.0292928318262767,1.0,0.0,0.2104562595463966,0.0381669438642685
7,hea_qcnn,depolarizing,4,0.01,3,0.7633333333333333,0.0208166599946613,0.2365112121303892,0.0277723102026952,1.0,0.0,0.2168030389436211,0.0365012570978144
7,hea_qcnn,depolarizing,4,0.05,3,0.7366666666666667,0.0378593889720018,0.2663538455874518,0.0203432278218348,1.0,0.0,0.2553699324463248,0.0255065000501447
7,hea_qcnn,depolarizing,4,0.1,3,0.7333333333333334,0.023094010767585,0.2877700247414363,0.0128781319194727,0.8333333333333334,0.2886751345948128,0.2816451837197327,0.016389306026984
7,hea_qcnn,depolarizing,8,0.0,3,0.86,0.1212435565298214,0.1804135032483607,0.0356569251611555,0.9583333333333334,0.0721687836487032,0.1397809773706641,0.0222843536711068
7,hea_qcnn,depolarizing,8,0.001,3,0.85,0.1113552872566003,0.1821730376417842,0.0352508977867695,0.9583333333333334,0.0721687836487032,0.1418166506200334,0.0221867401903336
7,hea_qcnn,depolarizing,8,0.005,3,0.8433333333333333,0.1101514109457219,0.1883239039968697,0.0335590693632204,0.9583333333333334,0.0721687836487032,0.1494322514977653,0.0211744658489651
7,hea_qcnn,depolarizing,8,0.01,3,0.84,0.11,0.1959872357019504,0.0311647091813472,0.9166666666666666,0.0721687836487032,0.1588770046736906,0.0197988186134372
7,hea_qcnn,depolarizing,8,0.05,3,0.7866666666666666,0.0907377172587747,0.247768483356204,0.0098881340463762,0.9166666666666666,0.0721687836487032,0.2216872598359614,0.0123347321796634
7,hea_qcnn,depolarizing,8,0.1,3,0.7166666666666667,0.0152752523165194,0.277378360314708,0.0067588785790869,0.875,0.0,0.2577706675933326,0.0059179275413738
7,hea_qcnn,depolarizing,12,0.0,3,0.7166666666666667,0.1665332799572906,0.2010669583541472,0.0307960450644692,0.8611111111111112,0.0481125224324687,0.1546197840777414,0.00925016433127
7,hea_qcnn,depolarizing,12,0.001,3,0.7133333333333334,0.1625833119767626,0.2024080689243446,0.0307164078071374,0.8611111111111112,0.0481125224324687,0.1559324864599183,0.0092265602220097
7,hea_qcnn,depolarizing,12,0.005,3,0.6966666666666667,0.1644181660685136,0.2074225594359969,0.0301928961955837,0.8611111111111112,0.0481125224324687,0.1610147281046679,0.0090291297606404
7,hea_qcnn,depolarizing,12,0.01,3,0.7000000000000001,0.1587450786638753,0.2131907608371319,0.028963761703324,0.8055555555555557,0.0481125224324688,0.1671947780890463,0.008507244497436
7,hea_qcnn,depolarizing,12,0.05,3,0.6633333333333333,0.0929157324317756,0.2521833802189548,0.0121471122052427,0.6944444444444443,0.0481125224324688,0.2135864199627156,0.0051384300228647
7,hea_qcnn,depolarizing,12,0.1,3,0.5233333333333333,0.0251661147842358,0.2859965626900085,0.0075334482363779,0.6111111111111112,0.0481125224324687,0.2558522312715499,0.0069776364742853
7,hea_qcnn,depolarizing,16,0.0,3,0.93,0.0360555127546398,0.1461181840163833,0.0498106275072011,1.0,0.0,0.1345981088373517,0.0478052485970833
7,hea_qcnn,depolarizing,16,0.001,3,0.93,0.0360555127546398,0.1471330033745617,0.0497504034648472,1.0,0.0,0.1358992062653705,0.0478606624391728
7,hea_qcnn,depolarizing,16,0.005,3,0.94,0.0435889894354066,0.1515262478148041,0.0493252506686253,1.0,0.0,0.1414008693195672,0.0479640723709954
7,hea_qcnn,depolarizing,16,0.01,3,0.94,0.0435889894354066,0.1576834400394462,0.0481632311455776,1.0,0.0,0.1489336260367571,0.0474924843371177
7,hea_qcnn,depolarizing,16,0.05,3,0.8633333333333333,0.110151410945722,0.2147892285589939,0.0317797987985945,0.8958333333333334,0.180421959121758,0.2131888624962429,0.0381792264474641
7,hea_qcnn,depolarizing,16,0.1,3,0.9333333333333332,0.0665832811847939,0.2618869259883958,0.0080440380181427,1.0,0.0,0.2594012825602128,0.0087987384414484
7,su2_qcnn,coherent_overrotation,4,0.0,3,0.9766666666666666,0.0251661147842358,0.2416150365646686,0.0127124164182532,1.0,0.0,0.240558475321151,0.0116675659241837
7,su2_qcnn,coherent_overrotation,4,0.001,3,0.9766666666666666,0.0251661147842358,0.2415214385522666,0.0127078637697198,1.0,0.0,0.2404607407735594,0.0116622024775811
7,su2_qcnn,coherent_overrotation,4,0.005,3,0.98,0.0264575131106459,0.2411495089275745,0.01268980206164,1.0,0.0,0.2400721888531887,0.0116409582526401
7,su2_qcnn,coherent_overrotation,4,0.01,3,0.98,0.0264575131106459,0.2406901730121898,0.0126675949059927,1.0,0.0,0.2395919115340864,0.0116149135150957
7,su2_qcnn,coherent_overrotation,4,0.05,3,0.98,0.0264575131106459,0.237242629659019,0.0125077562754434,1.0,0.0,0.2359719072001671,0.011431071826036
7,su2_qcnn,coherent_overrotation,4,0.1,3,0.9833333333333334,0.0208166599946613,0.2356238073723315,0.0159701080327939,1.0,0.0,0.2338060854417813,0.0143475992239005
7,su2_qcnn,coherent_overrotation,8,0.0,3,0.9933333333333332,0.0057735026918962,0.2187667070405396,0.0019274935710203,1.0,0.0,0.2188166330536778,0.0016646628877933
7,su2_qcnn,coherent_overrotation,8,0.001,3,0.9933333333333332,0.0057735026918962,0.2187488378098194,0.0020580060044126,1.0,0.0,0.2187941844874425,0.0017887360746308
7,su2_qcnn,coherent_overrotation,8,0.005,3,0.9933333333333332,0.0057735026918962,0.2186788409347055,0.0025969175177053,1.0,0.0,0.2187043217592838,0.0023017359635031
7,su2_qcnn,coherent_overrotation,8,0.01,3,0.9933333333333332,0.0057735026918962,0.2185971397936447,0.0033017684220333,1.0,0.0,0.2185942447116932,0.0029713031088824
7,su2_qcnn,coherent_overrotation,8,0.05,3,0.9866666666666668,0.0057735026918962,0.2166083534013504,0.0074226443937205,1.0,0.0,0.2166943890220962,0.0074345961137462
7,su2_qcnn,coherent_overrotation,8,0.1,3,0.9866666666666668,0.0057735026918962,0.2086342060036206,0.0033156171221902,1.0,0.0,0.2084945472895344,0.0031655284853238
7,su2_qcnn,coherent_overrotation,12,0.0,3,0.99,0.0,0.2119970056912835,0.0004241835344551,1.0,0.0,0.2126989933050849,0.0004212252968657
7,su2_qcnn,coherent_overrotation,12,0.001,3,0.99,0.0,0.2118778539796106,0.0004273534684188,1.0,0.0,0.2125769711330626,0.0004242585802235
7,su2_qcnn,coherent_overrotation,12,0.005,3,0.99,0.0,0.2114032664734925,0.0004397898938071,1.0,0.0,0.2120905398751388,0.0004359992021665
7,su2_qcnn,coherent_overrotation,12,0.01,3,0.99,0.0,0.210813898872815,0.0004553800077765,1.0,0.0,0.2114854060996704,0.0004505306985727
7,su2_qcnn,coherent_overrotation,12,0.05,3,0.9933333333333332,0.0057735026918962,0.2050652497714042,0.0025409878763048,1.0,0.0,0.2053008964460129,0.003060996326274
7,su2_qcnn,coherent_overrotation,12,0.1,3,0.99,0.0,0.2090080856477105,0.0127918257031501,1.0,0.0,0.2095249410968713,0.0129884785698716
7,su2_qcnn,coherent_overrotation,16,0.0,3,0.9966666666666668,0.0057735026918962,0.2109321882724173,0.0007486278905824,1.0,0.0,0.2115530413142667,0.0006624501484373
7,su2_qcnn,coherent_overrotation,16,0.001,3,0.9966666666666668,0.0057735026918962,0.2108068034864917,0.0007346862235552,1.0,0.0,0.2114261146220671,0.000644711866794
7,su2_qcnn,coherent_overrotation,16,0.005,3,0.9966666666666668,0.0057735026918962,0.2103143588634096,0.0006869005581241,1.0,0.0,0.2109277924924995,0.0005837201777911
7,su2_qcnn,coherent_overrotation,16,0.01,3,0.9966666666666668,0.0057735026918962,0.2097162253343076,0.0006402265355943,1.0,0.0,0.2103229063037646,0.0005247792776526
7,su2_qcnn,coherent_overrotation,16,0.05,3,0.9966666666666668,0.0057735026918962,0.2053916077117127,0.0004088194157437,1.0,0.0,0.2059522602454817,0.0002897949283372
7,su2_qcnn,coherent_overrotation,16,0.1,3,0.9966666666666668,0.0057735026918962,0.2007015808933681,0.0001106096223636,1.0,0.0,0.2011918337849597,2.6432714931320952e-05
7,su2_qcnn,depolarizing,4,0.0,3,0.9766666666666666,0.0251661147842358,0.2416150365646686,0.0127124164182532,1.0,0.0,0.240558475321151,0.0116675659241837
7,su2_qcnn,depolarizing,4,0.001,3,0.98,0.0264575131106459,0.2422322564710692,0.0127330146021095,1.0,0.0,0.2411959070610044,0.0117012074156854
7,su2_qcnn,depolarizing,4,0.005,3,0.98,0.0264575131106459,0.2446884937505649,0.0127785819221592,1.0,0.0,0.2437289336703102,0.011799386856161
7,su2_qcnn,depolarizing,4,0.01,3,0.98,0.0264575131106459,0.2477261195965512,0.0127567702211321,1.0,0.0,0.2468540920451067,0.0118432898810685
7,su2_qcnn,depolarizing,4,0.05,3,0.97,0.0346410161513775,0.2699207901225664,0.0104105822917186,1.0,0.0,0.2695099670305936,0.0099327493881773
7,su2_qcnn,depolarizing,4,0.1,3,0.96,0.0458257569495583,0.2900755183726876,0.0060113974602036,1.0,0.0,0.2899183522471462,0.0058185928896228
7,su2_qcnn,depolarizing,8,0.0,3,0.9933333333333332,0.0057735026918962,0.2187667070405396,0.0019274935710203,1.0,0.0,0.2188166330536778,0.0016646628877933
7,su2_qcnn,depolarizing,8,0.001,3,0.9933333333333332,0.0057735026918962,0.2192073305990939,0.0018623708404697,1.0,0.0,0.2192570418716221,0.0016080073638676
7,su2_qcnn,depolarizing,8,0.005,3,0.9933333333333332,0.0115470053837925,0.2210223235729518,0.0017290836314587,1.0,0.0,0.2210693104556286,0.0014951023777414
7,su2_qcnn,depolarizing,8,0.01,3,0.9933333333333332,0.0115470053837925,0.2233803158355353,0.0017596965115892,1.0,0.0,0.2234222814948747,0.0015244342617174
7,su2_qcnn,depolarizing,8,0.05,3,0.89,0.1473091986265623,0.2432198185544802,0.0017799497776676,0.9166666666666666,0.1443375672974064,0.2433822327679449,0.0015376507163352
7,su2_qcnn,depolarizing,8,0.1,3,0.5499999999999999,0.0346410161513775,0.2690717534409813,0.0006156678450825,0.625,0.0,0.2692694076762087,0.0005457873523942
7,su2_qcnn,depolarizing,12,0.0,3,0.99,0.0,0.2119970056912835,0.0004241835344551,1.0,0.0,0.2126989933050849,0.0004212252968657
7,su2_qcnn,depolarizing,12,0.001,3,0.99,0.0,0.2124945271411555,0.0004333771125378,1.0,0.0,0.2132048413061222,0.0004327420927139
7,su2_qcnn,depolarizing,12,0.005,3,0.9866666666666668,0.0057735026918962,0.214485044707382,0.0004635251546508,1.0,0.0,0.2152199476982388,0.0004706075175583
7,su2_qcnn,depolarizing,12,0.01,3,0.98,0.0,0.2169779951294472,0.0004961011553291,1.0,0.0,0.2177260188559605,0.0005109497795549
7,su2_qcnn,depolarizing,12,0.05,3,0.5933333333333334,0.0305505046330389,0.2384946733797722,0.0005249059743719,0.6388888888888888,0.0481125224324687,0.2390272159721541,0.0005670039920551
7,su2_qcnn,depolarizing,12,0.1,3,0.4766666666666666,0.0305505046330389,0.2668506944629727,3.706012455975687e-05,0.4722222222222222,0.0962250448649376,0.2670971427420909,5.27754709344525e-05
7,su2_qcnn,depolarizing,16,0.0,3,0.9966666666666668,0.0057735026918962,0.2109321882724173,0.0007486278905824,1.0,0.0,0.2115530413142667,0.0006624501484373
7,su2_qcnn,depolarizing,16,0.001,3,0.9966666666666668,0.0057735026918962,0.2114002684682856,0.0007329926071977,1.0,0.0,0.21202506411691,0.0006369659942992
7,su2_qcnn,depolarizing,16,0.005,3,0.99,0.0,0.2132114253035029,0.0006343259479427,1.0,0.0,0.2138896739046271,0.000551059721455
7,su2_qcnn,depolarizing,16,0.01,3,0.99,0.0,0.21557579563762,0.0005529448588565,1.0,0.0,0.2162471705340563,0.0004705173533009
7,su2_qcnn,depolarizing,16,0.05,3,0.6066666666666666,0.0115470053837925,0.2380348860916455,0.0001250521452125,0.625,0.0,0.2384971983047271,0.0001032354080624
7,su2_qcnn,depolarizing,16,0.1,3,0.4833333333333333,0.0251661147842358,0.2669066769254017,0.000116745215348,0.4791666666666667,0.0721687836487032,0.2671055381449396,0.0001133369240904
9,su2_qcnn,coherent_overrotation,4,0.0,3,0.8766666666666666,0.0585946527708231,0.2383681284033037,0.0356275737066128,1.0,0.0,0.2375481586307541,0.0354697196693176
9,su2_qcnn,coherent_overrotation,4,0.001,3,0.8766666666666666,0.0585946527708231,0.2382840953175208,0.0355445192076417,1.0,0.0,0.2374612707860755,0.0353904607864931
9,su2_qcnn,coherent_overrotation,4,0.005,3,0.8733333333333334,0.0642910050732863,0.2379450095894244,0.0352130279887566,1.0,0.0,0.2371107170297708,0.0350751124327016
9,su2_qcnn,coherent_overrotation,4,0.01,3,0.8633333333333333,0.0737111479583199,0.2375138811954165,0.0347996757058692,1.0,0.0,0.23666509705094,0.0346840946811404
9,su2_qcnn,coherent_overrotation,4,0.05,3,0.8433333333333334,0.1415391583037476,0.233719295581125,0.0315386847446528,0.9166666666666666,0.1443375672974064,0.2327418561154268,0.0316928718700656
9,su2_qcnn,coherent_overrotation,4,0.1,3,0.85,0.1385640646055101,0.2286213690570555,0.0285138078218106,0.9166666666666666,0.1443375672974064,0.2270892309876138,0.0291020131334587
9,su2_qcnn,coherent_overrotation,8,0.0,3,0.9733333333333332,0.0057735026918962,0.1632978014975813,0.0023693669062884,1.0,0.0,0.1603691433598905,0.0023430607478402
9,su2_qcnn,coherent_overrotation,8,0.001,3,0.9733333333333332,0.0057735026918962,0.163274137654786,0.0023284389724306,1.0,0.0,0.1603435486905988,0.0023006592154239
9,su2_qcnn,coherent_overrotation,8,0.005,3,0.9733333333333332,0.0057735026918962,0.1631791285984903,0.002168175945099,1.0,0.0,0.1602408480316165,0.0021353478528236
9,su2_qcnn,coherent_overrotation,8,0.01,3,0.9733333333333332,0.0057735026918962,0.1630594325900969,0.0019756825527584,1.0,0.0,0.1601115964600247,0.0019387294138992
9,su2_qcnn,coherent_overrotation,8,0.05,3,0.9733333333333332,0.0057735026918962,0.162034245822079,0.000834012137642,1.0,0.0,0.159010015359019,0.0009476480367823
9,su2_qcnn,coherent_overrotation,8,0.1,3,0.9733333333333332,0.0057735026918962,0.1604982989682367,0.0012024392308553,1.0,0.0,0.1573744074582253,0.0015813933531872
9,su2_qcnn,coherent_overrotation,12,0.0,3,0.99,0.0,0.1273804981613965,0.0066995342478584,1.0,0.0,0.1240203427199546,0.0070637478935602
9,su2_qcnn,coherent_overrotation,12,0.001,3,0.99,0.0,0.1273798818974046,0.00668746712218,1.0,0.0,0.1240196147275292,0.007051473957831
9,su2_qcnn,coherent_overrotation,12,0.005,3,0.99,0.0,0.1273786815171657,0.0066377822946823,1.0,0.0,0.1240179314323159,0.007001036817899
9,su2_qcnn,coherent_overrotation,12,0.01,3,0.99,0.0,0.127379562233598,0.0065732368151735,1.0,0.0,0.1240181363238264,0.0069357012627883
9,su2_qcnn,coherent_overrotation,12,0.05,3,0.99,0.0,0.1263230588276353,0.0067798255574705,1.0,0.0,0.122875683993072,0.0071916983544787
9,su2_qcnn,coherent_overrotation,12,0.1,3,0.99,0.0,0.1262240084331688,0.0066317585478764,1.0,0.0,0.1227629327521169,0.0070560598419336
9,su2_qcnn,coherent_overrotation,16,0.0,3,1.0,0.0,0.1426708433052528,0.0362840572112599,1.0,0.0,0.1406653251853727,0.0370438424418645
9,su2_qcnn,coherent_overrotation,16,0.001,3,1.0,0.0,0.1426810495947849,0.0362965396621535,1.0,0.0,0.1406766681091515,0.0370568912975303
9,su2_qcnn,coherent_overrotation,16,0.005,3,1.0,0.0,0.1427210109841783,0.036356949923032,1.0,0.0,0.1407211752442749,0.0371201998099315
9,su2_qcnn,coherent_overrotation,16,0.01,3,1.0,0.0,0.1427669574405508,0.0364616738425127,1.0,0.0,0.1407724987971137,0.0372298946162947
9,su2_qcnn,coherent_overrotation,16,0.05,2,1.0,0.0,0.1206598554344138,0.0041250828721165,1.0,0.0,0.118192200499357,0.0044581175471095
9,su2_qcnn,depolarizing,4,0.0,3,0.8766666666666666,0.0585946527708231,0.2383681284033037,0.0356275737066128,1.0,0.0,0.2375481586307541,0.0354697196693176
9,su2_qcnn,depolarizing,4,0.001,3,0.8766666666666666,0.0585946527708231,0.2390911877835942,0.0354960734123108,1.0,0.0,0.2383013803084931,0.0353414119244593
9,su2_qcnn,depolarizing,4,0.005,3,0.86,0.0721110255092797,0.2419930962123027,0.0348557360671126,1.0,0.0,0.2413092618883855,0.0347143601629954
9,su2_qcnn,depolarizing,4,0.01,3,0.8533333333333334,0.0763762615825973,0.2456328848583581,0.033826193120218,1.0,0.0,0.2450535246424542,0.0337018501727513
9,su2_qcnn,depolarizing,4,0.05,3,0.89,0.04,0.2726696040361395,0.0218027827602945,1.0,0.0,0.2724099520855403,0.0217950214945949
9,su2_qcnn,depolarizing,4,0.1,3,0.9166666666666666,0.0208166599946612,0.2948382345239798,0.0095913433011824,1.0,0.0,0.2946994300561049,0.0096282261012407
9,su2_qcnn,depolarizing,8,0.0,3,0.9733333333333332,0.0057735026918962,0.1632978014975813,0.0023693669062884,1.0,0.0,0.1603691433598905,0.0023430607478402
9,su2_qcnn,depolarizing,8,0.001,3,0.9733333333333332,0.0057735026918962,0.1639110359705294,0.0022504985526805,1.0,0.0,0.1610305603160715,0.0022240924713626
9,su2_qcnn,depolarizing,8,0.005,3,0.9733333333333332,0.0057735026918962,0.1666378722050081,0.0018318736411464,1.0,0.0,0.1639565541853634,0.0018227961031501
9,su2_qcnn,depolarizing,8,0.01,3,0.9733333333333332,0.0057735026918962,0.1705790229217616,0.0014155380615754,1.0,0.0,0.168151087172047,0.0014556747765569
9,su2_qcnn,depolarizing,8,0.05,3,0.9733333333333332,0.0057735026918962,0.2132409550052815,0.0006989467486051,1.0,0.0,0.2122558098838472,0.0007005125365024
9,su2_qcnn,depolarizing,8,0.1,3,0.98,0.0,0.2644536872836187,0.0017008133924878,1.0,0.0,0.2641306644212724,0.0017647643960678
9,su2_qcnn,depolarizing,12,0.0,3,0.99,0.0,0.1273804981613965,0.0066995342478584,1.0,0.0,0.1240203427199546,0.0070637478935602
9,su2_qcnn,depolarizing,12,0.001,3,0.99,0.0,0.1276422518401379,0.0065593303419299,1.0,0.0,0.1243109297117525,0.0069291298357346
9,su2_qcnn,depolarizing,12,0.005,3,0.99,0.0,0.128868098072565,0.0062133085608611,1.0,0.0,0.1256546642978892,0.0066134489318098
9,su2_qcnn,depolarizing,12,0.01,3,0.99,0.0,0.130730388764807,0.0059670421295243,1.0,0.0,0.1276650072408244,0.00640490786558
9,su2_qcnn,depolarizing,12,0.05,3,0.99,0.0,0.1764346871521614,0.0010640199679608,1.0,0.0,0.1752663898305829,0.0011195961352907
9,su2_qcnn,depolarizing,12,0.1,3,0.99,0.0,0.2491105883169432,0.0003612459529909,1.0,0.0,0.2487866088062217,0.0003682151318491
9,su2_qcnn,depolarizing,16,0.0,3,1.0,0.0,0.1426708433052528,0.0362840572112599,1.0,0.0,0.1406653251853727,0.0370438424418645
9,su2_qcnn,depolarizing,16,0.001,3,1.0,0.0,0.143270820697821,0.0369000450768709,1.0,0.0,0.14127875010737,0.0376711948389742
9,su2_qcnn,depolarizing,16,0.005,3,1.0,0.0,0.1456520564625989,0.0394220055868532,1.0,0.0,0.1437015786277397,0.0402463970690251
9,su2_qcnn,depolarizing,16,0.01,1,1.0,,0.1260990020999011,,1.0,,0.1238406014859008,
