backend_name,model_family,num_qubits,train_size,epochs,noise_model_name,noise_strength,seeds_present,seeds,parameter_count_mean,classification_threshold_mean,train_loss_mean,train_loss_std,test_loss_mean,test_loss_std,train_accuracy_mean,train_accuracy_std,test_accuracy_mean,test_accuracy_std,history_final_loss_mean,history_final_loss_std,history_final_accuracy_mean,history_final_accuracy_std,history_best_loss_mean,history_best_loss_std,history_best_accuracy_mean,history_best_accuracy_std,build_time_sec_mean,forward_time_sec_mean,gradient_time_sec_mean,train_time_sec_mean,total_time_sec_mean
qiskit_mixed,su2_qcnn,9,4,10,coherent_overrotation,0.0,3,"0,1,2",7.0,0.5786367509521645,0.2375481586307541,0.0354697196693176,0.2383681284033037,0.0356275737066128,1.0,0.0,0.8766666666666666,0.0585946527708231,0.2375481586307541,0.0354697196693176,1.0,0.0,0.2375481586307541,0.0354697196693176,1.0,0.0,,,,,
qiskit_mixed,su2_qcnn,9,4,10,coherent_overrotation,0.001,3,"0,1,2",7.0,0.578463884559053,0.2374612707860755,0.0353904607864931,0.2382840953175208,0.0355445192076417,1.0,0.0,0.8766666666666666,0.0585946527708231,0.2374612707860755,0.0353904607864931,1.0,0.0,0.2374612707860755,0.0353904607864931,1.0,0.0,,,,,
qiskit_mixed,su2_qcnn,9,4,10,coherent_overrotation,0.005,3,"0,1,2",7.0,0.5777686040151057,0.2371107170297708,0.0350751124327016,0.2379450095894244,0.0352130279887566,1.0,0.0,0.8733333333333334,0.0642910050732863,0.2371107170297708,0.0350751124327016,1.0,0.0,0.2371107170297708,0.0350751124327016,1.0,0.0,,,,,
qiskit_mixed,su2_qcnn,9,4,10,coherent_overrotation,0.01,3,"0,1,2",7.0,0.5768906870661631,0.23666509705094,0.0346840946811404,0.2375138811954165,0.0347996757058692,1.0,0.0,0.8633333333333333,0.0737111479583199,0.23666509705094,0.0346840946811404,1.0,0.0,0.23666509705094,0.0346840946811404,1.0,0.0,,,,,
qiskit_mixed,su2_qcnn,9,4,10,coherent_overrotation,0.05,3,"0,1,2",7.0,0.5695239936746798,0.2327418561154268,0.0316928718700656,0.233719295581125,0.0315386847446528,0.9166666666666666,0.1443375672974064,0.8433333333333334,0.1415391583037476,0.2327418561154268,0.0316928718700656,0.9166666666666666,0.1443375672974064,0.2327418561154268,0.0316928718700656,0.9166666666666666,0.1443375672974064,,,,,
qiskit_mixed,su2_qcnn,9,4,10,coherent_overrotation,0.1,3,"0,1,2",7.0,0.5698424747333237,0.2270892309876138,0.0291020131334587,0.2286213690570555,0.0285138078218106,0.9166666666666666,0.1443375672974064,0.85,0.1385640646055101,0.2270897511906061,0.0291023050878578,0.9166666666666666,0.1443375672974064,0.2270892309876138,0.0291020131334587,0.9166666666666666,0.1443375672974064,,,,,
qiskit_mixed,su2_qcnn,9,8,10,coherent_overrotation,0.0,3,"0,1,2",7.0,0.4348218021504764,0.1603691433598905,0.0023430607478402,0.1632978014975813,0.0023693669062884,1.0,0.0,0.9733333333333332,0.0057735026918962,0.1603691433598905,0.0023430607478402,1.0,0.0,0.1603691433598905,0.0023430607478402,1.0,0.0,,,,,
qiskit_mixed,su2_qcnn,9,8,10,coherent_overrotation,0.001,3,"0,1,2",7.0,0.434806280408294,0.1603435486905988,0.0023006592154239,0.163274137654786,0.0023284389724306,1.0,0.0,0.9733333333333332,0.0057735026918962,0.1603435486905988,0.0023006592154239,1.0,0.0,0.1603435486905988,0.0023006592154239,1.0,0.0,,,,,
qiskit_mixed,su2_qcnn,9,8,10,coherent_overrotation,0.005,3,"0,1,2",7.0,0.4347510742503122,0.1602408480316165,0.0021353478528236,0.1631791285984903,0.002168175945099,1.0,0.0,0.9733333333333332,0.0057735026918962,0.1602408480316165,0.0021353478528236,1.0,0.0,0.1602408480316165,0.0021353478528236,1.0,0.0,,,,,
qiskit_mixed,su2_qcnn,9,8,10,coherent_overrotation,0.01,3,"0,1,2",7.0,0.434696329125154,0.1601115964600247,0.0019387294138992,0.1630594325900969,0.0019756825527584,1.0,0.0,0.9733333333333332,0.0057735026918962,0.1601115964600247,0.0019387294138992,1.0,0.0,0.1601115964600247,0.0019387294138992,1.0,0.0,,,,,
qiskit_mixed,su2_qcnn,9,8,10,coherent_overrotation,0.05,3,"0,1,2",7.0,0.4346090029202867,0.159010015359019,0.0009476480367823,0.162034245822079,0.000834012137642,1.0,0.0,0.9733333333333332,0.0057735026918962,0.159010015359019,0.0009476480367823,1.0,0.0,0.159010015359019,0.0009476480367823,1.0,0.0,,,,,
qiskit_mixed,su2_qcnn,9,8,10,coherent_overrotation,0.1,3,"0,1,2",7.0,0.4347113416158699,0.1573744074582253,0.0015813933531872,0.1604982989682367,0.0012024392308553,1.0,0.0,0.9733333333333332,0.0057735026918962,0.1573744074582253,0.0015813933531872,1.0,0.0,0.1573744074582253,0.0015813933531872,1.0,0.0,,,,,
qiskit_mixed,su2_qcnn,9,12,10,coherent_overrotation,0.0,3,"0,1,2",7.0,0.3796679172010087,0.1240203427199546,0.0070637478935602,0.1273804981613965,0.0066995342478584,1.0,0.0,0.99,0.0,0.1240203427199546,0.0070637478935602,1.0,0.0,0.1240203427199546,0.0070637478935602,1.0,0.0,,,,,
qiskit_mixed,su2_qcnn,9,12,10,coherent_overrotation,0.001,3,"0,1,2",7.0,0.3796311552680291,0.1240196147275292,0.007051473957831,0.1273798818974046,0.00668746712218,1.0,0.0,0.99,0.0,0.1240196147275292,0.007051473957831,1.0,0.0,0.1240196147275292,0.007051473957831,1.0,0.0,,,,,
qiskit_mixed,su2_qcnn,9,12,10,coherent_overrotation,0.005,3,"0,1,2",7.0,0.3794929665054276,0.1240179314323159,0.007001036817899,0.1273786815171657,0.0066377822946823,1.0,0.0,0.99,0.0,0.1240179314323159,0.007001036817899,1.0,0.0,0.1240179314323159,0.007001036817899,1.0,0.0,,,,,
qiskit_mixed,su2_qcnn,9,12,10,coherent_overrotation,0.01,3,"0,1,2",7.0,0.3793406252278185,0.1240181363238264,0.0069357012627883,0.127379562233598,0.0065732368151735,1.0,0.0,0.99,0.0,0.1240181363238264,0.0069357012627883,1.0,0.0,0.1240181363238264,0.0069357012627883,1.0,0.0,,,,,
qiskit_mixed,su2_qcnn,9,12,10,coherent_overrotation,0.05,3,"0,1,2",7.0,0.3691406288535217,0.122875683993072,0.0071916983544787,0.1263230588276353,0.0067798255574705,1.0,0.0,0.99,0.0,0.122875683993072,0.0071916983544787,1.0,0.0,0.122875683993072,0.0071916983544787,1.0,0.0,,,,,
qiskit_mixed,su2_qcnn,9,12,10,coherent_overrotation,0.1,3,"0,1,2",7.0,0.3697867785300189,0.1227629327521169,0.0070560598419336,0.1262240084331688,0.0066317585478764,1.0,0.0,0.99,0.0,0.1227629327521169,0.0070560598419336,1.0,0.0,0.1227629327521169,0.0070560598419336,1.0,0.0,,,,,
qiskit_mixed,su2_qcnn,9,16,10,coherent_overrotation,0.0,3,"0,1,2",7.0,0.3825020994296035,0.1406653251853727,0.0370438424418645,0.1426708433052528,0.0362840572112599,1.0,0.0,1.0,0.0,0.141951339603567,0.0392489324022754,1.0,0.0,0.1406653251853727,0.0370438424418645,1.0,0.0,,,,,
qiskit_mixed,su2_qcnn,9,16,10,coherent_overrotation,0.001,3,"0,1,2",7.0,0.3823555952921461,0.1406766681091515,0.0370568912975303,0.1426810495947849,0.0362965396621535,1.0,0.0,1.0,0.0,0.1419559245066662,0.0392505312715249,1.0,0.0,0.1406766681091515,0.0370568912975303,1.0,0.0,,,,,
qiskit_mixed,su2_qcnn,9,16,10,coherent_overrotation,0.005,3,"0,1,2",7.0,0.3817411179980994,0.1407211752442749,0.0371201998099315,0.1427210109841783,0.036356949923032,1.0,0.0,1.0,0.0,0.1419712527075321,0.0392644150774354,1.0,0.0,0.1407211752442749,0.0371201998099315,1.0,0.0,,,,,
qiskit_mixed,su2_qcnn,9,16,10,coherent_overrotation,0.01,3,"0,1,2",7.0,0.380946307399733,0.1407724987971137,0.0372298946162947,0.1427669574405508,0.0364616738425127,1.0,0.0,1.0,0.0,0.1419799923977811,0.0393020025182929,1.0,0.0,0.1407724987971137,0.0372298946162947,1.0,0.0,,,,,
qiskit_mixed,su2_qcnn,9,4,10,depolarizing,0.0,3,"0,1,2",7.0,0.5786367509521645,0.2375481586307541,0.0354697196693176,0.2383681284033037,0.0356275737066128,1.0,0.0,0.8766666666666666,0.0585946527708231,0.2375481586307541,0.0354697196693176,1.0,0.0,0.2375481586307541,0.0354697196693176,1.0,0.0,,,,,
qiskit_mixed,su2_qcnn,9,4,10,depolarizing,0.001,3,"0,1,2",7.0,0.5813819350355981,0.2383013803084931,0.0353414119244593,0.2390911877835942,0.0354960734123108,1.0,0.0,0.8766666666666666,0.0585946527708231,0.2383013803084931,0.0353414119244593,1.0,0.0,0.2383013803084931,0.0353414119244593,1.0,0.0,,,,,
qiskit_mixed,su2_qcnn,9,4,10,depolarizing,0.005,3,"0,1,2",7.0,0.5920759040349592,0.2413092618883855,0.0347143601629954,0.2419930962123027,0.0348557360671126,1.0,0.0,0.86,0.0721110255092797,0.2413092618883855,0.0347143601629954,1.0,0.0,0.2413092618883855,0.0347143601629954,1.0,0.0,,,,,
qiskit_mixed,su2_qcnn,9,4,10,depolarizing,0.01,3,"0,1,2",7.0,0.6047576692053144,0.2450535246424542,0.0337018501727513,0.2456328848583581,0.033826193120218,1.0,0.0,0.8533333333333334,0.0763762615825973,0.2450535246424542,0.0337018501727513,1.0,0.0,0.2450535246424542,0.0337018501727513,1.0,0.0,,,,,
qiskit_mixed,su2_qcnn,9,4,10,depolarizing,0.05,3,"0,1,2",7.0,0.6787545283339882,0.2724099520855403,0.0217950214945949,0.2726696040361395,0.0218027827602945,1.0,0.0,0.89,0.04,0.2724099520855403,0.0217950214945949,1.0,0.0,0.2724099520855403,0.0217950214945949,1.0,0.0,,,,,
qiskit_mixed,su2_qcnn,9,4,10,depolarizing,0.1,3,"0,1,2",7.0,0.7222859408858379,0.2946994300561049,0.0096282261012407,0.2948382345239798,0.0095913433011824,1.0,0.0,0.9166666666666666,0.0208166599946612,0.2946994300561049,0.0096282261012407,1.0,0.0,0.2946994300561049,0.0096282261012407,1.0,0.0,,,,,
qiskit_mixed,su2_qcnn,9,8,10,depolarizing,0.0,3,"0,1,2",7.0,0.4348218021504764,0.1603691433598905,0.0023430607478402,0.1632978014975813,0.0023693669062884,1.0,0.0,0.9733333333333332,0.0057735026918962,0.1603691433598905,0.0023430607478402,1.0,0.0,0.1603691433598905,0.0023430607478402,1.0,0.0,,,,,
qiskit_mixed,su2_qcnn,9,8,10,depolarizing,0.001,3,"0,1,2",7.0,0.4372886217141358,0.1610305603160715,0.0022240924713626,0.1639110359705294,0.0022504985526805,1.0,0.0,0.9733333333333332,0.0057735026918962,0.1610305603160715,0.0022240924713626,1.0,0.0,0.1610305603160715,0.0022240924713626,1.0,0.0,,,,,
qiskit_mixed,su2_qcnn,9,8,10,depolarizing,0.005,3,"0,1,2",7.0,0.4479045214282857,0.1639565541853634,0.0018227961031501,0.1666378722050081,0.0018318736411464,1.0,0.0,0.9733333333333332,0.0057735026918962,0.1639565541853634,0.0018227961031501,1.0,0.0,0.1639565541853634,0.0018227961031501,1.0,0.0,,,,,
qiskit_mixed,su2_qcnn,9,8,10,depolarizing,0.01,3,"0,1,2",7.0,0.4623620348889918,0.168151087172047,0.0014556747765569,0.1705790229217616,0.0014155380615754,1.0,0.0,0.9733333333333332,0.0057735026918962,0.168151087172047,0.0014556747765569,1.0,0.0,0.168151087172047,0.0014556747765569,1.0,0.0,,,,,
qiskit_mixed,su2_qcnn,9,8,10,depolarizing,0.05,3,"0,1,2",7.0,0.5843294254698229,0.2122558098838472,0.0007005125365024,0.2132409550052815,0.0006989467486051,1.0,0.0,0.9733333333333332,0.0057735026918962,0.2122558098838472,0.0007005125365024,1.0,0.0,0.2122558098838472,0.0007005125365024,1.0,0.0,,,,,
qiskit_mixed,su2_qcnn,9,8,10,depolarizing,0.1,3,"0,1,2",7.0,0.6796869486753216,0.2641306644212724,0.0017647643960678,0.2644536872836187,0.0017008133924878,1.0,0.0,0.98,0.0,0.2641306644212724,0.0017647643960678,1.0,0.0,0.2641306644212724,0.0017647643960678,1.0,0.0,,,,,
qiskit_mixed,su2_qcnn,9,12,10,depolarizing,0.0,3,"0,1,2",7.0,0.3796679172010087,0.1240203427199546,0.0070637478935602,0.1273804981613965,0.0066995342478584,1.0,0.0,0.99,0.0,0.1240203427199546,0.0070637478935602,1.0,0.0,0.1240203427199546,0.0070637478935602,1.0,0.0,,,,,
qiskit_mixed,su2_qcnn,9,12,10,depolarizing,0.001,3,"0,1,2",7.0,0.3806036102512176,0.1243109297117525,0.0069291298357346,0.1276422518401379,0.0065593303419299,1.0,0.0,0.99,0.0,0.1243109297117525,0.0069291298357346,1.0,0.0,0.1243109297117525,0.0069291298357346,1.0,0.0,,,,,
qiskit_mixed,su2_qcnn,9,12,10,depolarizing,0.005,3,"0,1,2",7.0,0.3829708194283438,0.1256546642978892,0.0066134489318098,0.128868098072565,0.0062133085608611,1.0,0.0,0.99,0.0,0.1256546642978892,0.0066134489318098,1.0,0.0,0.1256546642978892,0.0066134489318098,1.0,0.0,,,,,
qiskit_mixed,su2_qcnn,9,12,10,depolarizing,0.01,3,"0,1,2",7.0,0.3841493396109059,0.1276650072408244,0.00640490786558,0.130730388764807,0.0059670421295243,1.0,0.0,0.99,0.0,0.1276650072408244,0.00640490786558,1.0,0.0,0.1276650072408244,0.00640490786558,1.0,0.0,,,,,
qiskit_mixed,su2_qcnn,9,12,10,depolarizing,0.05,3,"0,1,2",7.0,0.510341981269857,0.1752663898305829,0.0011195961352907,0.1764346871521614,0.0010640199679608,1.0,0.0,0.99,0.0,0.1752663898305829,0.0011195961352907,1.0,0.0,0.1752663898305829,0.0011195961352907,1.0,0.0,,,,,
qiskit_mixed,su2_qcnn,9,12,10,depolarizing,0.1,3,"0,1,2",7.0,0.6583888306607171,0.2487866088062217,0.0003682151318491,0.2491105883169432,0.0003612459529909,1.0,0.0,0.99,0.0,0.2488712070089357,0.0003241996882906,1.0,0.0,0.2487866088062217,0.0003682151318491,1.0,0.0,,,,,
qiskit_mixed,su2_qcnn,9,16,10,depolarizing,0.0,3,"0,1,2",7.0,0.3825020994296035,0.1406653251853727,0.0370438424418645,0.1426708433052528,0.0362840572112599,1.0,0.0,1.0,0.0,0.141951339603567,0.0392489324022754,1.0,0.0,0.1406653251853727,0.0370438424418645,1.0,0.0,,,,,
qiskit_mixed,su2_qcnn,9,16,10,depolarizing,0.001,3,"0,1,2",7.0,0.3833074106956742,0.14127875010737,0.0376711948389742,0.143270820697821,0.0369000450768709,1.0,0.0,1.0,0.0,0.1425227317027783,0.0398071369755065,1.0,0.0,0.14127875010737,0.0376711948389742,1.0,0.0,,,,,
qiskit_mixed,su2_qcnn,9,16,10,depolarizing,0.005,3,"0,1,2",7.0,0.3844767119436898,0.1437015786277397,0.0402463970690251,0.1456520564625989,0.0394220055868532,1.0,0.0,1.0,0.0,0.1447844863974819,0.042114489017622,1.0,0.0,0.1437015786277397,0.0402463970690251,1.0,0.0,,,,,
