backend_name,model_family,num_qubits,train_size,epochs,num_runs,mean_train_accuracy,variance_train_accuracy,mean_test_accuracy,variance_test_accuracy,mean_train_loss,variance_train_loss,mean_test_loss,variance_test_loss,mean_classification_threshold,variance_classification_threshold,mean_runtime_seconds,variance_runtime_seconds,source_run
torch_pure,hea_qcnn,6,2,50,3,1.0,0.0,0.9733333333333332,0.0006222222222222,0.1478973105796755,0.0002533440910373,0.1566110439126256,0.0002101095156702,0.5438406431280085,0.0003202935217334,2.311818136367947,0.4445116083663731,torch_main
torch_pure,hea_qcnn,6,4,50,3,1.0,0.0,0.9833333333333334,0.0001555555555555,0.126339377424618,4.878614371521747e-05,0.132776669457587,4.0017650436263945e-05,0.5428478734133754,0.0011538500746941,4.912014186537514,0.3695687533527368,torch_main
torch_pure,hea_qcnn,6,6,50,3,1.0,0.0,1.0,0.0,0.1393229020954442,3.084995686023906e-06,0.1429422515686387,2.781989899464732e-06,0.5299253276850484,0.0001952028602511,4.23328272656848,1.8080389540412904,torch_main
torch_pure,hea_qcnn,6,8,50,3,1.0,0.0,1.0,0.0,0.1380427565516182,0.0002123814929021,0.1407867919800842,0.0001987398948975,0.5367482946041009,0.0002325118840591,4.413399570155889,0.0735519704331888,torch_main
torch_pure,hea_qcnn,6,10,50,3,1.0,0.0,1.0,0.0,0.1292147603530103,0.0001022779932288,0.131477534510422,9.495548946850874e-05,0.5577445148485499,3.2406008688021475e-06,5.1798026578811305,0.0355299704859044,torch_main
torch_pure,hea_qcnn,6,12,50,3,1.0,0.0,1.0,0.0,0.1368822328864802,9.962794319719774e-05,0.1383192338150315,9.368065469987953e-05,0.553613263814719,2.326032971616177e-05,9.823930849321188,46.22426747495398,torch_main
torch_pure,hea_qcnn,7,2,50,3,1.0,0.0,0.6433333333333334,8.888888888888904e-05,0.0380189436671373,1.243257754074854e-05,0.2430685457482339,2.9215944993787654e-06,0.4698778155146751,7.070846749378514e-06,2.2767713755990067,0.0630487761814856,torch_main
torch_pure,hea_qcnn,7,4,50,3,1.0,0.0,0.8399999999999999,0.0066666666666666,0.0877326975510921,0.0008070612255473,0.1504954115446508,0.001466973950943,0.5405583046291257,0.0028981377211548,6.037587649965038,5.515167142258419,torch_main
torch_pure,hea_qcnn,7,6,50,3,1.0,0.0,0.9233333333333332,0.0003555555555555,0.1269266204822332,3.506367282398644e-07,0.1461905353541735,2.575986291725857e-05,0.5105617278318394,0.0003723139558375,6.350124018732458,2.294967590627565,torch_main
torch_pure,hea_qcnn,7,8,50,3,1.0,0.0,0.8066666666666666,0.0002888888888888,0.0828093529135476,7.42324926727075e-07,0.1768411985936191,0.0001744358833816,0.5897896985512766,2.7022426874289832e-05,6.365328513706724,0.1970501652276279,torch_main
torch_pure,hea_qcnn,7,10,50,3,1.0,0.0,0.9433333333333334,0.0034888888888888,0.0909447166478516,0.000732655204249,0.1047083807157339,0.0009964538348789,0.4491819345678203,0.0016472136730407,10.7059515651005,5.186637362450347,torch_main
torch_pure,hea_qcnn,7,12,50,3,0.9722222222222222,0.0015432098765432,0.8000000000000002,1.232595164407831e-32,0.0747430847449669,1.4953537787307237e-07,0.1868616607584032,4.162951969459292e-06,0.5728617468503521,1.6098841113428074e-05,9.072425009372331,0.6326592346890183,torch_main
torch_pure,hea_qcnn,8,2,50,3,1.0,0.0,0.9866666666666668,2.222222222222226e-05,0.1535912295931536,8.25298974369539e-07,0.1654400311307664,8.101798601626523e-07,0.5775988978306229,3.719352099522273e-06,8.284275797971835,6.83604490877983,torch_main
torch_pure,hea_qcnn,8,4,50,3,1.0,0.0,0.99,1.232595164407831e-32,0.1552647945224302,2.2870306046558123e-08,0.1624461361234126,2.3141384040759955e-08,0.5763263105056534,6.599510123217609e-09,9.627787947654724,6.975661921448101,torch_main
torch_pure,hea_qcnn,8,6,50,3,1.0,0.0,1.0,0.0,0.1572978560770081,1.3315869567175134e-10,0.1622359469669807,2.362222705635695e-10,0.5789057683812588,1.7760186799223049e-07,16.02134702246015,0.1253966265924762,torch_main
torch_pure,hea_qcnn,8,8,50,3,1.0,0.0,1.0,0.0,0.1586595819753101,4.602288721744257e-09,0.1622789768198393,6.303999873911683e-09,0.5813749263439,1.0653870869448684e-06,14.006184579494098,2.0103055511467978,torch_main
torch_pure,hea_qcnn,8,10,50,3,1.0,0.0,1.0,0.0,0.1594971489569971,5.9174893475518264e-09,0.1622665555344724,5.7747776261121305e-09,0.5818582230991746,6.908893272282113e-08,22.289820855949078,0.1411301025864451,torch_main
torch_pure,hea_qcnn,8,12,50,3,1.0,0.0,0.9966666666666668,2.222222222222226e-05,0.1442327003075474,0.0005003578558438,0.1466847008845454,0.0004825774703433,0.5881041542284923,6.977824838353486e-05,26.077614405347656,2.273845058930685,torch_main
torch_pure,hea_qcnn,9,2,50,3,1.0,0.0,0.6733333333333333,0.0005555555555555,0.0250000520783329,3.00834433181968e-05,0.2100433765809637,0.000134332292131,0.4965943248403092,2.012489850009386e-05,28.42541211983189,11.192013760809324,torch_main
torch_pure,hea_qcnn,9,4,50,3,1.0,0.0,0.9233333333333332,0.0064888888888888,0.0750544581198066,0.0008060252837258,0.1089468025135212,0.0015008876058398,0.5077076339476392,0.000228287166974,41.92685867457961,21.10750432499577,torch_main
torch_pure,hea_qcnn,9,6,50,3,1.0,0.0,0.6833333333333332,0.0020222222222222,0.0418186318932619,0.000153391117282,0.2324476724413138,0.0006002424186824,0.5606917019818297,0.0016959627249141,66.49888948195924,5.527016410229728,torch_main
torch_pure,hea_qcnn,9,8,50,3,1.0,0.0,0.9766666666666666,0.0001555555555555,0.0696097052169492,7.12061400237237e-05,0.0992414881151261,0.0003931313195158,0.470294768451287,0.0008148279131441,81.7957857150274,3.626790590288573,torch_main
torch_pure,hea_qcnn,9,10,50,3,1.0,0.0,0.7200000000000001,1.232595164407831e-32,0.0829567320534585,2.9761136670474053e-05,0.2048882845876885,1.8944989993578902e-05,0.514188327382643,0.0001128777472542,74.11672869883478,13.733895096713914,torch_main
torch_pure,hea_qcnn,9,12,50,3,0.9722222222222222,0.0015432098765432,0.9166666666666666,0.0108222222222222,0.0984656523735741,0.0006568496858375,0.1258140694565187,0.0021555836395022,0.4938232605281925,0.0037441620357257,100.5424205600284,105.892098543608,torch_main
torch_pure,hea_qcnn,10,2,50,3,1.0,0.0,0.97,0.0006,0.1560933476352863,0.000786140364015,0.1715597930321637,0.0005751809802409,0.5958800712220155,0.0005396454579427,169.3735154385989,451.0953222657599,torch_main
torch_pure,hea_qcnn,10,4,50,3,1.0,0.0,0.97,0.0004666666666666,0.1341848549095159,0.0001579830071664,0.1457524543500629,0.0001477733221449,0.5840217543419516,0.000567906094776,272.54616919128847,1307.5928343908795,torch_main
torch_pure,hea_qcnn,10,6,50,3,1.0,0.0,0.9733333333333332,2.222222222222226e-05,0.119442274506937,4.772519460702661e-05,0.1282627439274955,4.058426528010556e-05,0.5939608880784683,0.0001351391386283,359.7936454806477,2550.876351121186,torch_main
torch_pure,hea_qcnn,10,8,50,3,1.0,0.0,0.9866666666666668,2.222222222222226e-05,0.1263430088559407,5.084875920872232e-05,0.1326246181842808,4.5002765711069e-05,0.5898703457085914,0.000191871377712,395.7768101148928,3973.111545939856,torch_main
torch_pure,hea_qcnn,10,10,50,3,1.0,0.0,0.99,1.232595164407831e-32,0.127790133776909,5.645129288961988e-05,0.1326044855735133,5.072278433499658e-05,0.6006444159955766,0.0001468159095264,555.8738256107705,4381.732302619336,torch_main
torch_pure,hea_qcnn,10,12,50,3,1.0,0.0,0.99,1.232595164407831e-32,0.1182594517058733,1.5157707114845642e-08,0.1225320198360603,1.2853053440610525e-08,0.616932105568409,8.512330466295277e-07,569.4603381715715,3006.7228754371536,torch_main
torch_pure,su2_qcnn,6,2,50,3,1.0,0.0,0.99,1.232595164407831e-32,0.1002789286360774,2.6350689617653086e-06,0.114372468820669,1.4833612534084471e-06,0.4435379702369346,8.622361522097576e-05,1.5209933143729966,0.0890847656776526,torch_main
torch_pure,su2_qcnn,6,4,50,3,1.0,0.0,1.0,0.0,0.1010727619380498,1.335277315994043e-09,0.1105191684202698,3.112543344737004e-09,0.4267890701960795,1.7005252694591005e-06,1.5444172948288422,0.1632982995847083,torch_main
torch_pure,su2_qcnn,6,6,50,3,1.0,0.0,1.0,0.0,0.1039603217277598,3.982321777474405e-11,0.1104218445029279,1.99419454380318e-11,0.4310036469236361,1.670523314716335e-06,1.9464687217647831,0.3284178188734375,torch_main
torch_pure,su2_qcnn,6,8,50,3,1.0,0.0,1.0,0.0,0.1057094212042434,1.4443771972689238e-11,0.110416647662967,2.782048566567265e-12,0.4325457918932078,2.857303223562131e-07,2.647790852778902,0.0223342836616607,torch_main
torch_pure,su2_qcnn,6,10,50,3,1.0,0.0,1.0,0.0,0.1068702112147826,5.2232239210133696e-11,0.1104259983394378,1.6561264384327614e-10,0.4331094609171774,2.9107119479148483e-06,2.9678049312594035,0.0465848891054247,torch_main
torch_pure,su2_qcnn,6,12,50,3,1.0,0.0,1.0,0.0,0.1077009039977263,4.9526882114890016e-11,0.1104267405939366,7.909358249840445e-11,0.4346716100217996,5.699358089543367e-06,3.1250834258583686,0.60315549415906,torch_main
torch_pure,su2_qcnn,7,2,50,3,1.0,0.0,0.8666666666666667,2.222222222222226e-05,0.2122065607195725,7.009054414520183e-07,0.2110189943455221,7.465755185872658e-07,0.4993213635281961,5.40846611480049e-05,2.152246560746183,0.0158211031063381,torch_main
torch_pure,su2_qcnn,7,4,50,3,1.0,0.0,0.9266666666666667,2.222222222222226e-05,0.2100144010923828,1.4835117010525608e-08,0.2094455833714536,7.1032318008793e-08,0.4857280707143001,5.456681303884044e-06,1.990248493695011,0.2025104530403246,torch_main
torch_pure,su2_qcnn,7,6,50,3,1.0,0.0,0.9566666666666668,2.222222222222226e-05,0.2100939658357445,1.2737830182687912e-08,0.209405869006609,3.8663901054815015e-08,0.4787805004495558,2.2905157361624184e-06,2.568083985708654,0.001233977183794,torch_main
torch_pure,su2_qcnn,7,8,50,3,1.0,0.0,0.97,1.232595164407831e-32,0.2099453124904085,1.5322324764587832e-11,0.2091395366850756,4.964570215412411e-11,0.477566651187487,1.580953801774822e-06,2.9402153169115386,0.0109813724944133,torch_main
torch_pure,su2_qcnn,7,10,50,3,1.0,0.0,0.97,1.232595164407831e-32,0.209844791289498,5.379972377444758e-10,0.2089742908763289,1.3970339732430532e-09,0.4711669275177177,8.355934169357623e-08,3.562754587891201,0.0157891724998892,torch_main
torch_pure,su2_qcnn,7,12,50,3,1.0,0.0,0.98,0.0,0.2098029464265625,3.6463142720359316e-11,0.2088890588404641,1.4505123674167606e-10,0.4703250082191649,5.49756620561072e-07,3.6627357493465142,0.0446550347278324,torch_main
torch_pure,su2_qcnn,8,2,50,3,1.0,0.0,0.92,0.0,0.175132975968074,1.9609745225801467e-08,0.1819211582990615,2.1158253373604043e-08,0.4914699910729089,3.593942723460941e-06,3.553124888489644,0.2315216561869165,torch_main
torch_pure,su2_qcnn,8,4,50,3,1.0,0.0,0.9666666666666668,2.222222222222226e-05,0.1773472411856757,1.5420729020422751e-09,0.1808857864200454,6.585406510350905e-09,0.4634037820203571,3.341327869249044e-06,75.15350136905909,9410.532434967809,torch_main
torch_pure,su2_qcnn,8,6,50,3,1.0,0.0,0.98,0.0,0.1785578784520284,1.3449778468256884e-09,0.1808467047142311,9.081385762539618e-10,0.4595885670155046,2.9093611993190862e-06,7.425397946964949,7.426840882727507,torch_main
torch_pure,su2_qcnn,8,8,50,3,1.0,0.0,0.99,1.232595164407831e-32,0.1792374233686917,3.3334614172384858e-12,0.1808145787008055,2.8666149340747072e-11,0.454973232245263,2.9414746323157013e-08,8.620933916730186,0.793439252280554,torch_main
torch_pure,su2_qcnn,8,10,50,3,1.0,0.0,0.9966666666666668,2.222222222222226e-05,0.1797016600475706,1.81649215954094e-12,0.1808073510715368,1.5027239421814235e-10,0.4520687095257267,8.622204311046642e-08,12.344031513979038,7.253625261598128,torch_main
torch_pure,su2_qcnn,8,12,50,3,1.0,0.0,1.0,0.0,0.1532578111358724,0.0014336694057896,0.1551369175945237,0.0013188111919526,0.4460499938132692,3.995157389366497e-05,17.661356496469427,0.2586519244839689,torch_main
torch_pure,su2_qcnn,9,2,50,3,1.0,0.0,0.93,0.0,0.0828959383851824,3.411607606023665e-06,0.109705728396109,1.8561374295136544e-06,0.388311957001582,2.1332320309378358e-05,20.77955682637791,46.38887813885979,torch_main
torch_pure,su2_qcnn,9,4,50,3,1.0,0.0,0.97,1.232595164407831e-32,0.0795788547711801,1.3632306166270829e-06,0.0974391951452188,5.577044625304399e-07,0.3952049312505082,3.708299566180832e-05,47.82527802387873,398.8103557297812,torch_main
torch_pure,su2_qcnn,9,6,50,3,1.0,0.0,0.98,0.0,0.0839832555676623,1.0789479892268257e-07,0.0971209130436606,1.302757056547914e-07,0.3692481075835624,3.82464478668448e-05,39.91762077715248,6.925108083629936,torch_main
torch_pure,su2_qcnn,9,8,50,3,1.0,0.0,0.99,1.232595164407831e-32,0.0866591606397276,1.4459486870946168e-10,0.0966538228962499,1.3070431006862315e-09,0.3674944199829535,4.910401934540415e-06,66.02640323123585,24.24478488216906,torch_main
torch_pure,su2_qcnn,9,10,50,3,1.0,0.0,0.99,1.232595164407831e-32,0.0886912919571248,8.547372866631808e-12,0.0966015251155893,9.64731579522844e-10,0.3641301033763913,1.2633561548032337e-05,90.17746701122572,7.977681699504699,torch_main
torch_pure,su2_qcnn,9,12,50,3,1.0,0.0,0.99,1.232595164407831e-32,0.0903260545758101,4.269913131572279e-09,0.0967736012460406,1.5742924035806845e-08,0.3614255732496316,3.045036536325935e-05,98.92106914970402,33.8673519654622,torch_main
torch_pure,su2_qcnn,10,2,50,3,1.0,0.0,0.97,1.232595164407831e-32,0.1731994331262277,8.176596242430132e-07,0.1844241304324569,1.637582145398287e-07,0.5716825382428844,2.029723454432243e-05,110.22336886947352,3.591024015956517,torch_main
torch_pure,su2_qcnn,10,4,50,3,1.0,0.0,0.98,0.0,0.1764605877557104,8.992778331706914e-12,0.1834892072930072,1.3011006284429728e-10,0.5786640594751128,3.5392948374465366e-08,231.3405842104306,7.174798010899461,torch_main
torch_pure,su2_qcnn,10,6,50,3,1.0,0.0,0.99,6.666666666666679e-05,0.1561934917324333,0.0010064211040218,0.1629075467600048,0.0008505676504605,0.5617109694472783,0.0010319628143591,317.99760604805005,36.741288518654194,torch_main
torch_pure,su2_qcnn,10,8,50,3,1.0,0.0,0.9966666666666668,2.222222222222226e-05,0.1357942826068431,0.0009706912745752,0.1422803295902607,0.0008487817126357,0.5428437717446933,0.0009197216698745,335.9149928030868,157.22478584450275,torch_main
torch_pure,su2_qcnn,10,10,50,3,1.0,0.0,0.9933333333333332,2.222222222222226e-05,0.1588839670165842,0.0009511534544743,0.1628759030095645,0.0008517826613905,0.5643215550170975,0.0010438085087389,592.4806021566814,641.8115642946765,torch_main
torch_pure,su2_qcnn,10,12,50,3,1.0,0.0,1.0,0.0,0.1380891073096714,0.0009308984203513,0.1422580988968114,0.0008488585436649,0.5426753299887705,0.0010587532755706,694.9389823349193,602.8857900177792,torch_main
